{
  "label": "0: 1200 Hz; 1:1000 Hz",
  "n_reps": 50,
  "conditions": [
    1000,
    1200
  ],
  "n_conditions": 2,
  "trials": [
    1,
    2,
    1,
    1,
    1,
    1,
    1,
    1,
    1,
    1,
    2,
    2,
    2,
    1,
    1,
    1,
    1,
    1,
    2,
    1,
    1,
    1,
    1,
    1,
    1,
    1,
    1,
    1,
    2,
    1,
    2,
    1,
    1,
    1,
    1,
    2,
    1,
    2,
    1,
    1,
    1,
    1,
    1,
    2,
    1,
    1,
    2,
    1,
    1,
    1,
    2,
    2
  ],
  "this_n": 50,
  "this_trial": [],
  "finished": true,
  "data": [
    [
      [
        1,
        1,
        0.8586509227752686
      ]
    ],
    [
      [
        1,
        2,
        0.44304895401000977
      ]
    ],
    [
      [
        2,
        2,
        0.4112229347229004
      ]
    ],
    [
      [
        1,
        2,
        0.880234956741333
      ]
    ],
    [
      [
        1,
        1,
        0.34248900413513184
      ]
    ],
    [
      [
        2,
        2,
        0.25327301025390625
      ]
    ],
    [
      [
        2,
        2,
        0.3929710388183594
      ]
    ],
    [
      [
        1,
        1,
        0.2734849452972412
      ]
    ],
    [
      [
        2,
        2,
        0.156296968460083
      ]
    ],
    [
      [
        2,
        2,
        0.334852933883667
      ]
    ],
    [
      [
        2,
        1,
        1.0745069980621338
      ]
    ],
    [
      [
        2,
        2,
        2.2429449558258057
      ]
    ],
    [
      [
        2,
        2,
        1.5209860801696777
      ]
    ],
    [
      [
        1,
        2,
        0.5731849670410156
      ]
    ],
    [
      [
        2,
        2,
        3.1675071716308594
      ]
    ],
    [
      [
        1,
        1,
        0.13648200035095215
      ]
    ],
    [
      [
        2,
        2,
        0.4293200969696045
      ]
    ],
    [
      [
        2,
        2,
        0.6619751453399658
      ]
    ],
    [
      [
        1,
        2,
        0.9452619552612305
      ]
    ],
    [
      [
        2,
        2,
        0.4702639579772949
      ]
    ],
    [
      [
        2,
        2,
        0.18545198440551758
      ]
    ],
    [
      [
        1,
        1,
        0.879734992980957
      ]
    ],
    [
      [
        2,
        1,
        0.3176310062408447
      ]
    ],
    [
      [
        1,
        1,
        0.36443281173706055
      ]
    ],
    [
      [
        1,
        2,
        0.3869130611419678
      ]
    ],
    [
      [
        2,
        2,
        0.2579197883605957
      ]
    ],
    [
      [
        2,
        2,
        0.17554283142089844
      ]
    ],
    [
      [
        1,
        1,
        0.05149698257446289
      ]
    ],
    [
      [
        2,
        2,
        0.5407559871673584
      ]
    ],
    [
      [
        1,
        1,
        0.3042309284210205
      ]
    ],
    [
      [
        2,
        2,
        0.13978099822998047
      ]
    ],
    [
      [
        2,
        2,
        0.3137650489807129
      ]
    ],
    [
      [
        1,
        1,
        0.34693193435668945
      ]
    ],
    [
      [
        1,
        1,
        0.06440997123718262
      ]
    ],
    [
      [
        1,
        1,
        0.40537285804748535
      ]
    ],
    [
      [
        2,
        2,
        0.4153130054473877
      ]
    ],
    [
      [
        1,
        2,
        0.5614879131317139
      ]
    ],
    [
      [
        2,
        2,
        0.5838987827301025
      ]
    ],
    [
      [
        2,
        2,
        0.22914910316467285
      ]
    ],
    [
      [
        2,
        2,
        0.27282214164733887
      ]
    ],
    [
      [
        2,
        2,
        0.46332383155822754
      ]
    ],
    [
      [
        2,
        2,
        0.7099499702453613
      ]
    ],
    [
      [
        2,
        2,
        0.2779550552368164
      ]
    ],
    [
      [
        2,
        2,
        0.8620719909667969
      ]
    ],
    [
      [
        1,
        1,
        0.503554105758667
      ]
    ],
    [
      [
        2,
        2,
        0.2961559295654297
      ]
    ],
    [
      [
        1,
        1,
        0.08657693862915039
      ]
    ],
    [
      [
        1,
        2,
        0.7847042083740234
      ]
    ],
    [
      [
        2,
        2,
        0.3147239685058594
      ]
    ],
    [
      [
        1,
        1,
        0.32497406005859375
      ]
    ]
  ],
  "n_trials": 50,
  "n_remaining": -1,
  "kind": "random_permutation"
}