{
  "label": "0: 1200 Hz; 1:1000 Hz",
  "n_reps": 50,
  "conditions": [
    1000,
    1200
  ],
  "n_conditions": 2,
  "trials": [
    2,
    2,
    1,
    1,
    1,
    1,
    1,
    2,
    1,
    1,
    2,
    1,
    1,
    2,
    1,
    1,
    1,
    1,
    1,
    1,
    2,
    1,
    1,
    1,
    1,
    2,
    1,
    1,
    1,
    2,
    1,
    1,
    1,
    1,
    1,
    1,
    1,
    2,
    1,
    1,
    1,
    2,
    1,
    1,
    1,
    1,
    1,
    1,
    1,
    2,
    2,
    2
  ],
  "this_n": 50,
  "this_trial": [],
  "finished": true,
  "data": [
    [
      [
        2,
        2,
        0.5049769878387451
      ]
    ],
    [
      [
        2,
        2,
        0.4360239505767822
      ]
    ],
    [
      [
        1,
        1,
        0.4487268924713135
      ]
    ],
    [
      [
        1,
        1,
        0.3001229763031006
      ]
    ],
    [
      [
        2,
        2,
        0.19182205200195312
      ]
    ],
    [
      [
        1,
        1,
        0.42371678352355957
      ]
    ],
    [
      [
        1,
        1,
        0.2879610061645508
      ]
    ],
    [
      [
        1,
        1,
        0.3771860599517822
      ]
    ],
    [
      [
        2,
        2,
        0.2699010372161865
      ]
    ],
    [
      [
        1,
        1,
        0.3709549903869629
      ]
    ],
    [
      [
        2,
        2,
        0.44188404083251953
      ]
    ],
    [
      [
        2,
        2,
        0.4916210174560547
      ]
    ],
    [
      [
        2,
        2,
        0.4707620143890381
      ]
    ],
    [
      [
        1,
        2,
        0.6483571529388428
      ]
    ],
    [
      [
        2,
        2,
        0.3908240795135498
      ]
    ],
    [
      [
        1,
        2,
        0.8113389015197754
      ]
    ],
    [
      [
        1,
        1,
        0.6563448905944824
      ]
    ],
    [
      [
        1,
        1,
        0.2936840057373047
      ]
    ],
    [
      [
        1,
        1,
        0.22194814682006836
      ]
    ],
    [
      [
        2,
        2,
        0.2785470485687256
      ]
    ],
    [
      [
        2,
        2,
        0.4455690383911133
      ]
    ],
    [
      [
        1,
        1,
        1.1578989028930664
      ]
    ],
    [
      [
        2,
        2,
        0.379777193069458
      ]
    ],
    [
      [
        2,
        2,
        0.5357019901275635
      ]
    ],
    [
      [
        1,
        2,
        0.3028719425201416
      ]
    ],
    [
      [
        1,
        1,
        0.5901448726654053
      ]
    ],
    [
      [
        2,
        2,
        0.17211484909057617
      ]
    ],
    [
      [
        2,
        2,
        0.3574209213256836
      ]
    ],
    [
      [
        1,
        2,
        0.6552419662475586
      ]
    ],
    [
      [
        1,
        1,
        0.0721428394317627
      ]
    ],
    [
      [
        1,
        2,
        0.3248260021209717
      ]
    ],
    [
      [
        1,
        1,
        0.46782994270324707
      ]
    ],
    [
      [
        1,
        2,
        0.6938121318817139
      ]
    ],
    [
      [
        1,
        1,
        0.24997997283935547
      ]
    ],
    [
      [
        2,
        1,
        0.40746593475341797
      ]
    ],
    [
      [
        2,
        2,
        0.2694101333618164
      ]
    ],
    [
      [
        1,
        2,
        0.9208569526672363
      ]
    ],
    [
      [
        2,
        2,
        0.2701699733734131
      ]
    ],
    [
      [
        1,
        2,
        1.4722189903259277
      ]
    ],
    [
      [
        1,
        2,
        0.5243139266967773
      ]
    ],
    [
      [
        2,
        2,
        0.5242719650268555
      ]
    ],
    [
      [
        2,
        2,
        0.20237088203430176
      ]
    ],
    [
      [
        1,
        2,
        0.7566390037536621
      ]
    ],
    [
      [
        1,
        2,
        0.6228408813476562
      ]
    ],
    [
      [
        1,
        1,
        0.19913220405578613
      ]
    ],
    [
      [
        2,
        2,
        0.11998701095581055
      ]
    ],
    [
      [
        2,
        2,
        0.2813401222229004
      ]
    ],
    [
      [
        1,
        2,
        0.5377271175384521
      ]
    ],
    [
      [
        1,
        2,
        0.6395740509033203
      ]
    ],
    [
      [
        2,
        2,
        0.48698902130126953
      ]
    ]
  ],
  "n_trials": 50,
  "n_remaining": -1,
  "kind": "random_permutation"
}