{
  "label": "0: 1200 Hz; 1:1000 Hz",
  "n_reps": 50,
  "conditions": [
    1000,
    1200
  ],
  "n_conditions": 2,
  "trials": [
    1,
    1,
    1,
    1,
    2,
    2,
    1,
    2,
    1,
    1,
    1,
    1,
    2,
    1,
    2,
    2,
    1,
    1,
    1,
    1,
    1,
    2,
    1,
    2,
    1,
    1,
    1,
    2,
    2,
    1,
    1,
    1,
    1,
    1,
    1,
    1,
    1,
    1,
    1,
    1,
    1,
    2,
    2,
    1,
    1,
    1,
    1,
    1,
    1,
    1,
    2,
    1
  ],
  "this_n": 50,
  "this_trial": [],
  "finished": true,
  "data": [
    [
      [
        1,
        1,
        0.38007402420043945
      ]
    ],
    [
      [
        1,
        1,
        0.261397123336792
      ]
    ],
    [
      [
        2,
        2,
        0.5077660083770752
      ]
    ],
    [
      [
        2,
        2,
        1.2370390892028809
      ]
    ],
    [
      [
        1,
        2,
        0.4177119731903076
      ]
    ],
    [
      [
        2,
        2,
        0.38193607330322266
      ]
    ],
    [
      [
        1,
        2,
        0.7617480754852295
      ]
    ],
    [
      [
        2,
        2,
        0.6239209175109863
      ]
    ],
    [
      [
        2,
        1,
        0.8738951683044434
      ]
    ],
    [
      [
        1,
        1,
        1.5510401725769043
      ]
    ],
    [
      [
        1,
        1,
        0.4697239398956299
      ]
    ],
    [
      [
        1,
        2,
        0.8657550811767578
      ]
    ],
    [
      [
        2,
        2,
        0.32857298851013184
      ]
    ],
    [
      [
        2,
        2,
        0.3805880546569824
      ]
    ],
    [
      [
        1,
        2,
        1.0950231552124023
      ]
    ],
    [
      [
        1,
        1,
        0.31514906883239746
      ]
    ],
    [
      [
        2,
        2,
        0.29895687103271484
      ]
    ],
    [
      [
        1,
        2,
        0.47324419021606445
      ]
    ],
    [
      [
        2,
        2,
        0.2930610179901123
      ]
    ],
    [
      [
        1,
        2,
        0.7777612209320068
      ]
    ],
    [
      [
        2,
        2,
        0.1779310703277588
      ]
    ],
    [
      [
        1,
        1,
        0.3364410400390625
      ]
    ],
    [
      [
        2,
        2,
        0.3276040554046631
      ]
    ],
    [
      [
        2,
        2,
        0.21172285079956055
      ]
    ],
    [
      [
        1,
        1,
        0.2909200191497803
      ]
    ],
    [
      [
        2,
        2,
        0.39075589179992676
      ]
    ],
    [
      [
        2,
        2,
        0.3860809803009033
      ]
    ],
    [
      [
        1,
        1,
        0.24480199813842773
      ]
    ],
    [
      [
        2,
        1,
        0.3712761402130127
      ]
    ],
    [
      [
        2,
        2,
        0.4368429183959961
      ]
    ],
    [
      [
        2,
        2,
        0.20874691009521484
      ]
    ],
    [
      [
        2,
        2,
        0.2569589614868164
      ]
    ],
    [
      [
        2,
        1,
        0.25847411155700684
      ]
    ],
    [
      [
        2,
        1,
        0.8808479309082031
      ]
    ],
    [
      [
        1,
        1,
        0.018783092498779297
      ]
    ],
    [
      [
        1,
        2,
        0.41209983825683594
      ]
    ],
    [
      [
        1,
        1,
        0.2964510917663574
      ]
    ],
    [
      [
        1,
        1,
        0.25980210304260254
      ]
    ],
    [
      [
        1,
        1,
        1.4956939220428467
      ]
    ],
    [
      [
        2,
        2,
        0.5823888778686523
      ]
    ],
    [
      [
        2,
        2,
        0.43642306327819824
      ]
    ],
    [
      [
        2,
        2,
        0.7808830738067627
      ]
    ],
    [
      [
        2,
        2,
        0.5460829734802246
      ]
    ],
    [
      [
        1,
        1,
        0.019259929656982422
      ]
    ],
    [
      [
        1,
        1,
        1.1019940376281738
      ]
    ],
    [
      [
        1,
        1,
        1.4544739723205566
      ]
    ],
    [
      [
        1,
        1,
        0.4762599468231201
      ]
    ],
    [
      [
        1,
        1,
        0.47634291648864746
      ]
    ],
    [
      [
        2,
        2,
        0.2449948787689209
      ]
    ],
    [
      [
        1,
        2,
        0.7739670276641846
      ]
    ]
  ],
  "n_trials": 50,
  "n_remaining": -1,
  "kind": "random_permutation"
}