{
  "label": "0: 1200 Hz; 1:1000 Hz",
  "n_reps": 50,
  "conditions": [
    1000,
    1200
  ],
  "n_conditions": 2,
  "trials": [
    1,
    1,
    1,
    1,
    1,
    2,
    1,
    1,
    1,
    2,
    1,
    2,
    1,
    1,
    1,
    1,
    1,
    1,
    1,
    1,
    2,
    1,
    2,
    2,
    1,
    1,
    1,
    1,
    2,
    1,
    1,
    1,
    1,
    2,
    1,
    2,
    2,
    1,
    1,
    2,
    1,
    1,
    2,
    1,
    1,
    1,
    1,
    1,
    2,
    1,
    1,
    1
  ],
  "this_n": 50,
  "this_trial": [],
  "finished": true,
  "data": [
    [
      [
        1,
        1,
        0.3287630081176758
      ]
    ],
    [
      [
        2,
        2,
        0.39791417121887207
      ]
    ],
    [
      [
        2,
        2,
        0.42342305183410645
      ]
    ],
    [
      [
        2,
        2,
        0.3274061679840088
      ]
    ],
    [
      [
        2,
        2,
        0.589745044708252
      ]
    ],
    [
      [
        2,
        1,
        0.4052550792694092
      ]
    ],
    [
      [
        2,
        2,
        0.5613479614257812
      ]
    ],
    [
      [
        2,
        2,
        0.4600977897644043
      ]
    ],
    [
      [
        1,
        1,
        0.33524417877197266
      ]
    ],
    [
      [
        2,
        1,
        0.4355580806732178
      ]
    ],
    [
      [
        1,
        1,
        0.36100101470947266
      ]
    ],
    [
      [
        1,
        2,
        0.6472959518432617
      ]
    ],
    [
      [
        1,
        1,
        0.31424999237060547
      ]
    ],
    [
      [
        1,
        1,
        0.4243149757385254
      ]
    ],
    [
      [
        2,
        2,
        0.5211451053619385
      ]
    ],
    [
      [
        1,
        1,
        0.2877039909362793
      ]
    ],
    [
      [
        2,
        2,
        0.44330787658691406
      ]
    ],
    [
      [
        2,
        1,
        1.225916862487793
      ]
    ],
    [
      [
        1,
        1,
        0.45868897438049316
      ]
    ],
    [
      [
        1,
        2,
        0.49315309524536133
      ]
    ],
    [
      [
        2,
        1,
        0.38183093070983887
      ]
    ],
    [
      [
        1,
        1,
        0.37508702278137207
      ]
    ],
    [
      [
        1,
        2,
        0.49234509468078613
      ]
    ],
    [
      [
        1,
        1,
        0.5317120552062988
      ]
    ],
    [
      [
        2,
        2,
        1.0058379173278809
      ]
    ],
    [
      [
        2,
        2,
        0.38475799560546875
      ]
    ],
    [
      [
        1,
        1,
        0.24861884117126465
      ]
    ],
    [
      [
        2,
        1,
        1.4638991355895996
      ]
    ],
    [
      [
        1,
        2,
        0.49929213523864746
      ]
    ],
    [
      [
        2,
        2,
        0.7011330127716064
      ]
    ],
    [
      [
        1,
        1,
        0.44083690643310547
      ]
    ],
    [
      [
        2,
        2,
        0.3335139751434326
      ]
    ],
    [
      [
        1,
        1,
        1.5220918655395508
      ]
    ],
    [
      [
        2,
        1,
        1.104053020477295
      ]
    ],
    [
      [
        1,
        1,
        0.37264204025268555
      ]
    ],
    [
      [
        1,
        2,
        0.4985020160675049
      ]
    ],
    [
      [
        1,
        2,
        0.478848934173584
      ]
    ],
    [
      [
        1,
        1,
        0.5715699195861816
      ]
    ],
    [
      [
        2,
        2,
        0.3348581790924072
      ]
    ],
    [
      [
        1,
        1,
        0.6400680541992188
      ]
    ],
    [
      [
        2,
        2,
        0.3472719192504883
      ]
    ],
    [
      [
        1,
        1,
        0.2639038562774658
      ]
    ],
    [
      [
        1,
        1,
        0.6626770496368408
      ]
    ],
    [
      [
        1,
        2,
        0.5642859935760498
      ]
    ],
    [
      [
        1,
        1,
        0.488116979598999
      ]
    ],
    [
      [
        1,
        1,
        0.49675989151000977
      ]
    ],
    [
      [
        1,
        1,
        0.3181440830230713
      ]
    ],
    [
      [
        1,
        1,
        0.5479481220245361
      ]
    ],
    [
      [
        1,
        2,
        1.711686134338379
      ]
    ],
    [
      [
        2,
        2,
        0.5113461017608643
      ]
    ]
  ],
  "n_trials": 50,
  "n_remaining": -1,
  "kind": "random_permutation"
}