{
  "label": "0: 1200 Hz; 1:1000 Hz",
  "n_reps": 50,
  "conditions": [
    1000,
    1200
  ],
  "n_conditions": 2,
  "trials": [
    2,
    1,
    1,
    2,
    1,
    1,
    1,
    1,
    1,
    1,
    2,
    2,
    1,
    1,
    1,
    1,
    1,
    1,
    2,
    1,
    1,
    1,
    1,
    1,
    1,
    2,
    1,
    1,
    2,
    1,
    1,
    1,
    2,
    1,
    2,
    1,
    1,
    1,
    1,
    1,
    2,
    1,
    2,
    1,
    1,
    2,
    1,
    2,
    1,
    1,
    1,
    1
  ],
  "this_n": 50,
  "this_trial": [],
  "finished": true,
  "data": [
    [
      [
        2,
        1,
        0.6147291660308838
      ]
    ],
    [
      [
        1,
        1,
        0.30709218978881836
      ]
    ],
    [
      [
        2,
        2,
        0.3714568614959717
      ]
    ],
    [
      [
        2,
        1,
        0.4021880626678467
      ]
    ],
    [
      [
        1,
        1,
        0.46947789192199707
      ]
    ],
    [
      [
        1,
        1,
        0.4346811771392822
      ]
    ],
    [
      [
        1,
        1,
        0.4314119815826416
      ]
    ],
    [
      [
        2,
        2,
        0.3714590072631836
      ]
    ],
    [
      [
        1,
        1,
        0.3582601547241211
      ]
    ],
    [
      [
        1,
        1,
        0.4868040084838867
      ]
    ],
    [
      [
        1,
        1,
        0.5613059997558594
      ]
    ],
    [
      [
        2,
        2,
        0.7190530300140381
      ]
    ],
    [
      [
        2,
        2,
        0.6239688396453857
      ]
    ],
    [
      [
        1,
        1,
        0.5088679790496826
      ]
    ],
    [
      [
        2,
        2,
        0.4193999767303467
      ]
    ],
    [
      [
        2,
        2,
        0.8203001022338867
      ]
    ],
    [
      [
        1,
        1,
        0.37039685249328613
      ]
    ],
    [
      [
        1,
        1,
        0.4424741268157959
      ]
    ],
    [
      [
        1,
        1,
        0.6387341022491455
      ]
    ],
    [
      [
        2,
        2,
        0.492887020111084
      ]
    ],
    [
      [
        1,
        1,
        0.467695951461792
      ]
    ],
    [
      [
        2,
        2,
        0.46033596992492676
      ]
    ],
    [
      [
        2,
        1,
        0.4652400016784668
      ]
    ],
    [
      [
        2,
        2,
        0.41658496856689453
      ]
    ],
    [
      [
        1,
        1,
        0.4968099594116211
      ]
    ],
    [
      [
        1,
        1,
        0.6085059642791748
      ]
    ],
    [
      [
        1,
        1,
        0.5150930881500244
      ]
    ],
    [
      [
        1,
        1,
        0.41512584686279297
      ]
    ],
    [
      [
        1,
        2,
        0.4642500877380371
      ]
    ],
    [
      [
        1,
        1,
        0.43650102615356445
      ]
    ],
    [
      [
        2,
        2,
        0.39791297912597656
      ]
    ],
    [
      [
        1,
        1,
        0.45081400871276855
      ]
    ],
    [
      [
        1,
        2,
        0.6105771064758301
      ]
    ],
    [
      [
        1,
        1,
        0.4156379699707031
      ]
    ],
    [
      [
        2,
        1,
        0.41352105140686035
      ]
    ],
    [
      [
        1,
        1,
        0.5058431625366211
      ]
    ],
    [
      [
        2,
        2,
        0.3674130439758301
      ]
    ],
    [
      [
        2,
        2,
        0.76698899269104
      ]
    ],
    [
      [
        1,
        1,
        0.31163811683654785
      ]
    ],
    [
      [
        1,
        1,
        0.40424489974975586
      ]
    ],
    [
      [
        1,
        2,
        0.45385003089904785
      ]
    ],
    [
      [
        1,
        1,
        0.35254812240600586
      ]
    ],
    [
      [
        2,
        1,
        0.48802614212036133
      ]
    ],
    [
      [
        1,
        1,
        0.4731109142303467
      ]
    ],
    [
      [
        2,
        1,
        0.6750788688659668
      ]
    ],
    [
      [
        2,
        2,
        0.42012596130371094
      ]
    ],
    [
      [
        2,
        2,
        0.6045999526977539
      ]
    ],
    [
      [
        2,
        2,
        0.42652201652526855
      ]
    ],
    [
      [
        1,
        2,
        0.8327090740203857
      ]
    ],
    [
      [
        2,
        2,
        0.4475719928741455
      ]
    ]
  ],
  "n_trials": 50,
  "n_remaining": -1,
  "kind": "random_permutation"
}