{
  "label": "0: 1200 Hz; 1:1000 Hz",
  "n_reps": 50,
  "conditions": [
    1000,
    1200
  ],
  "n_conditions": 2,
  "trials": [
    1,
    1,
    2,
    1,
    1,
    1,
    2,
    2,
    1,
    1,
    2,
    1,
    1,
    1,
    1,
    1,
    1,
    1,
    1,
    1,
    1,
    1,
    2,
    1,
    2,
    1,
    1,
    1,
    1,
    1,
    1,
    1,
    1,
    2,
    2,
    2,
    1,
    1,
    1,
    2,
    1,
    1,
    1,
    2,
    2,
    1,
    1,
    2,
    1,
    1,
    1,
    1
  ],
  "this_n": 50,
  "this_trial": [],
  "finished": true,
  "data": [
    [
      [
        1,
        1,
        0.5240440368652344
      ]
    ],
    [
      [
        1,
        1,
        0.361008882522583
      ]
    ],
    [
      [
        2,
        2,
        0.9606039524078369
      ]
    ],
    [
      [
        1,
        1,
        0.5579421520233154
      ]
    ],
    [
      [
        1,
        1,
        0.4558751583099365
      ]
    ],
    [
      [
        1,
        1,
        0.517906904220581
      ]
    ],
    [
      [
        2,
        2,
        1.3416731357574463
      ]
    ],
    [
      [
        1,
        2,
        1.3028371334075928
      ]
    ],
    [
      [
        1,
        1,
        0.6048481464385986
      ]
    ],
    [
      [
        2,
        2,
        0.6813509464263916
      ]
    ],
    [
      [
        1,
        1,
        0.5593080520629883
      ]
    ],
    [
      [
        1,
        1,
        0.41114211082458496
      ]
    ],
    [
      [
        2,
        2,
        0.5813279151916504
      ]
    ],
    [
      [
        2,
        1,
        0.613745927810669
      ]
    ],
    [
      [
        2,
        2,
        0.5453610420227051
      ]
    ],
    [
      [
        1,
        2,
        1.0544750690460205
      ]
    ],
    [
      [
        2,
        2,
        0.45398497581481934
      ]
    ],
    [
      [
        1,
        1,
        0.9963901042938232
      ]
    ],
    [
      [
        2,
        2,
        0.4692239761352539
      ]
    ],
    [
      [
        2,
        2,
        0.696465015411377
      ]
    ],
    [
      [
        1,
        1,
        0.3854858875274658
      ]
    ],
    [
      [
        2,
        2,
        0.4774949550628662
      ]
    ],
    [
      [
        1,
        1,
        1.075753927230835
      ]
    ],
    [
      [
        2,
        2,
        0.8968110084533691
      ]
    ],
    [
      [
        1,
        1,
        0.6800370216369629
      ]
    ],
    [
      [
        2,
        2,
        0.5532360076904297
      ]
    ],
    [
      [
        1,
        1,
        0.26426100730895996
      ]
    ],
    [
      [
        1,
        2,
        0.5981738567352295
      ]
    ],
    [
      [
        2,
        2,
        0.5362319946289062
      ]
    ],
    [
      [
        2,
        2,
        0.427966833114624
      ]
    ],
    [
      [
        2,
        2,
        0.3970191478729248
      ]
    ],
    [
      [
        1,
        1,
        0.30413103103637695
      ]
    ],
    [
      [
        1,
        1,
        0.3675529956817627
      ]
    ],
    [
      [
        2,
        2,
        0.6355829238891602
      ]
    ],
    [
      [
        1,
        1,
        0.4908778667449951
      ]
    ],
    [
      [
        2,
        1,
        0.8087091445922852
      ]
    ],
    [
      [
        2,
        2,
        0.38603806495666504
      ]
    ],
    [
      [
        1,
        1,
        0.2228400707244873
      ]
    ],
    [
      [
        1,
        2,
        0.44646620750427246
      ]
    ],
    [
      [
        1,
        1,
        0.26317596435546875
      ]
    ],
    [
      [
        1,
        1,
        0.4792320728302002
      ]
    ],
    [
      [
        1,
        1,
        0.7380330562591553
      ]
    ],
    [
      [
        2,
        2,
        0.5699901580810547
      ]
    ],
    [
      [
        2,
        2,
        0.9366440773010254
      ]
    ],
    [
      [
        1,
        2,
        0.4455749988555908
      ]
    ],
    [
      [
        2,
        1,
        1.584887981414795
      ]
    ],
    [
      [
        1,
        1,
        0.2750248908996582
      ]
    ],
    [
      [
        2,
        2,
        1.0119469165802002
      ]
    ],
    [
      [
        2,
        2,
        0.49071502685546875
      ]
    ],
    [
      [
        2,
        2,
        0.4070100784301758
      ]
    ]
  ],
  "n_trials": 50,
  "n_remaining": -1,
  "kind": "random_permutation"
}