{
  "label": "0: 1200 Hz; 1:1000 Hz",
  "n_reps": 50,
  "conditions": [
    1000,
    1200
  ],
  "n_conditions": 2,
  "trials": [
    1,
    2,
    2,
    2,
    1,
    1,
    2,
    1,
    2,
    1,
    1,
    1,
    1,
    2,
    1,
    1,
    1,
    1,
    1,
    2,
    2,
    1,
    1,
    1,
    1,
    1,
    1,
    1,
    1,
    1,
    1,
    1,
    2,
    1,
    1,
    1,
    1,
    1,
    2,
    1,
    1,
    1,
    1,
    1,
    1,
    1,
    1,
    2,
    2,
    2,
    1,
    1
  ],
  "this_n": 50,
  "this_trial": [],
  "finished": true,
  "data": [
    [
      [
        1,
        2,
        1.0215210914611816
      ]
    ],
    [
      [
        2,
        1,
        0.5234169960021973
      ]
    ],
    [
      [
        1,
        2,
        0.5964851379394531
      ]
    ],
    [
      [
        1,
        1,
        0.9149158000946045
      ]
    ],
    [
      [
        1,
        1,
        0.4066751003265381
      ]
    ],
    [
      [
        2,
        2,
        0.34328198432922363
      ]
    ],
    [
      [
        1,
        1,
        0.5273828506469727
      ]
    ],
    [
      [
        1,
        1,
        0.32212305068969727
      ]
    ],
    [
      [
        1,
        1,
        0.350261926651001
      ]
    ],
    [
      [
        2,
        1,
        0.41404104232788086
      ]
    ],
    [
      [
        2,
        2,
        0.293255090713501
      ]
    ],
    [
      [
        1,
        1,
        0.34627389907836914
      ]
    ],
    [
      [
        2,
        2,
        0.441939115524292
      ]
    ],
    [
      [
        2,
        1,
        0.4486370086669922
      ]
    ],
    [
      [
        1,
        1,
        0.47905898094177246
      ]
    ],
    [
      [
        2,
        2,
        0.3244919776916504
      ]
    ],
    [
      [
        1,
        1,
        0.3540492057800293
      ]
    ],
    [
      [
        2,
        2,
        0.3586599826812744
      ]
    ],
    [
      [
        1,
        1,
        0.30661582946777344
      ]
    ],
    [
      [
        2,
        2,
        0.4298369884490967
      ]
    ],
    [
      [
        2,
        2,
        0.4383227825164795
      ]
    ],
    [
      [
        1,
        1,
        0.4600248336791992
      ]
    ],
    [
      [
        2,
        2,
        0.33093905448913574
      ]
    ],
    [
      [
        2,
        2,
        0.8606438636779785
      ]
    ],
    [
      [
        2,
        2,
        0.3036630153656006
      ]
    ],
    [
      [
        1,
        1,
        0.9933161735534668
      ]
    ],
    [
      [
        1,
        1,
        0.37772703170776367
      ]
    ],
    [
      [
        1,
        1,
        0.3404560089111328
      ]
    ],
    [
      [
        1,
        1,
        0.31453394889831543
      ]
    ],
    [
      [
        2,
        2,
        0.5028178691864014
      ]
    ],
    [
      [
        2,
        1,
        0.5648279190063477
      ]
    ],
    [
      [
        1,
        1,
        0.7700448036193848
      ]
    ],
    [
      [
        2,
        2,
        0.608497142791748
      ]
    ],
    [
      [
        2,
        2,
        0.40963101387023926
      ]
    ],
    [
      [
        1,
        2,
        0.5994598865509033
      ]
    ],
    [
      [
        2,
        2,
        4.317111015319824
      ]
    ],
    [
      [
        2,
        2,
        2.790900945663452
      ]
    ],
    [
      [
        2,
        2,
        0.4803140163421631
      ]
    ],
    [
      [
        1,
        1,
        0.3851490020751953
      ]
    ],
    [
      [
        1,
        2,
        0.47751808166503906
      ]
    ],
    [
      [
        2,
        2,
        0.44182491302490234
      ]
    ],
    [
      [
        2,
        2,
        0.5683820247650146
      ]
    ],
    [
      [
        2,
        2,
        0.35404515266418457
      ]
    ],
    [
      [
        2,
        2,
        0.3822059631347656
      ]
    ],
    [
      [
        1,
        1,
        0.6222059726715088
      ]
    ],
    [
      [
        2,
        2,
        0.43752408027648926
      ]
    ],
    [
      [
        1,
        1,
        0.4978451728820801
      ]
    ],
    [
      [
        1,
        2,
        0.5158681869506836
      ]
    ],
    [
      [
        2,
        2,
        0.2875680923461914
      ]
    ],
    [
      [
        1,
        1,
        0.47249698638916016
      ]
    ]
  ],
  "n_trials": 50,
  "n_remaining": -1,
  "kind": "random_permutation"
}