{
  "label": "0: 1200 Hz; 1:1000 Hz",
  "n_reps": 50,
  "conditions": [
    1000,
    1200
  ],
  "n_conditions": 2,
  "trials": [
    1,
    1,
    1,
    1,
    1,
    1,
    1,
    2,
    2,
    1,
    1,
    1,
    1,
    1,
    1,
    1,
    2,
    1,
    1,
    2,
    2,
    2,
    2,
    1,
    2,
    2,
    1,
    2,
    1,
    1,
    1,
    1,
    1,
    2,
    1,
    1,
    1,
    1,
    1,
    1,
    1,
    1,
    1,
    1,
    1,
    2,
    1,
    1,
    1,
    1,
    2,
    1
  ],
  "this_n": 50,
  "this_trial": [],
  "finished": true,
  "data": [
    [
      [
        1,
        1,
        0.358126163482666
      ]
    ],
    [
      [
        1,
        1,
        0.3714139461517334
      ]
    ],
    [
      [
        1,
        1,
        0.2904679775238037
      ]
    ],
    [
      [
        2,
        2,
        0.23662304878234863
      ]
    ],
    [
      [
        2,
        1,
        0.5651190280914307
      ]
    ],
    [
      [
        1,
        1,
        0.3228321075439453
      ]
    ],
    [
      [
        1,
        1,
        0.2486560344696045
      ]
    ],
    [
      [
        1,
        1,
        0.36490893363952637
      ]
    ],
    [
      [
        2,
        1,
        0.48098111152648926
      ]
    ],
    [
      [
        1,
        2,
        0.29056882858276367
      ]
    ],
    [
      [
        1,
        1,
        0.3402838706970215
      ]
    ],
    [
      [
        2,
        2,
        0.30065298080444336
      ]
    ],
    [
      [
        2,
        2,
        0.3008129596710205
      ]
    ],
    [
      [
        2,
        2,
        0.315201997756958
      ]
    ],
    [
      [
        2,
        2,
        0.23253989219665527
      ]
    ],
    [
      [
        1,
        1,
        0.2740159034729004
      ]
    ],
    [
      [
        1,
        1,
        0.3898921012878418
      ]
    ],
    [
      [
        1,
        1,
        0.30173397064208984
      ]
    ],
    [
      [
        2,
        2,
        0.19649696350097656
      ]
    ],
    [
      [
        2,
        1,
        0.5150091648101807
      ]
    ],
    [
      [
        1,
        2,
        0.38500213623046875
      ]
    ],
    [
      [
        1,
        1,
        0.36965298652648926
      ]
    ],
    [
      [
        1,
        1,
        0.46599888801574707
      ]
    ],
    [
      [
        2,
        1,
        0.29095888137817383
      ]
    ],
    [
      [
        1,
        2,
        0.42040205001831055
      ]
    ],
    [
      [
        1,
        1,
        0.2908809185028076
      ]
    ],
    [
      [
        1,
        2,
        0.2789590358734131
      ]
    ],
    [
      [
        1,
        1,
        0.27425694465637207
      ]
    ],
    [
      [
        2,
        2,
        0.23476195335388184
      ]
    ],
    [
      [
        1,
        1,
        0.21300101280212402
      ]
    ],
    [
      [
        2,
        2,
        0.17200112342834473
      ]
    ],
    [
      [
        2,
        1,
        0.38945603370666504
      ]
    ],
    [
      [
        1,
        2,
        0.32645201683044434
      ]
    ],
    [
      [
        2,
        1,
        0.6844148635864258
      ]
    ],
    [
      [
        2,
        2,
        0.4067962169647217
      ]
    ],
    [
      [
        2,
        2,
        0.2413349151611328
      ]
    ],
    [
      [
        1,
        1,
        0.4193761348724365
      ]
    ],
    [
      [
        1,
        1,
        0.4770338535308838
      ]
    ],
    [
      [
        2,
        2,
        0.28045105934143066
      ]
    ],
    [
      [
        2,
        2,
        0.3000621795654297
      ]
    ],
    [
      [
        2,
        2,
        0.23909997940063477
      ]
    ],
    [
      [
        2,
        2,
        0.3433840274810791
      ]
    ],
    [
      [
        2,
        2,
        0.220444917678833
      ]
    ],
    [
      [
        1,
        1,
        0.37978601455688477
      ]
    ],
    [
      [
        1,
        2,
        0.29111504554748535
      ]
    ],
    [
      [
        1,
        2,
        0.47137904167175293
      ]
    ],
    [
      [
        2,
        2,
        0.4034759998321533
      ]
    ],
    [
      [
        1,
        1,
        0.717663049697876
      ]
    ],
    [
      [
        1,
        2,
        0.43773603439331055
      ]
    ],
    [
      [
        1,
        1,
        0.20921993255615234
      ]
    ]
  ],
  "n_trials": 50,
  "n_remaining": -1,
  "kind": "random_permutation"
}