{
  "label": "0: 1200 Hz; 1:1000 Hz",
  "n_reps": 50,
  "conditions": [
    1000,
    1200
  ],
  "n_conditions": 2,
  "trials": [
    1,
    1,
    1,
    2,
    1,
    1,
    1,
    1,
    1,
    1,
    1,
    1,
    1,
    1,
    2,
    1,
    1,
    1,
    2,
    2,
    2,
    1,
    1,
    1,
    1,
    1,
    1,
    2,
    2,
    1,
    1,
    1,
    2,
    1,
    1,
    1,
    2,
    2,
    1,
    2,
    1,
    1,
    1,
    1,
    1,
    1,
    1,
    2,
    1,
    2,
    1,
    1
  ],
  "this_n": 50,
  "this_trial": [],
  "finished": true,
  "data": [
    [
      [
        1,
        1,
        0.6679561138153076
      ]
    ],
    [
      [
        2,
        2,
        0.48188114166259766
      ]
    ],
    [
      [
        1,
        2,
        0.4518299102783203
      ]
    ],
    [
      [
        2,
        2,
        0.21576404571533203
      ]
    ],
    [
      [
        1,
        2,
        0.28708410263061523
      ]
    ],
    [
      [
        2,
        2,
        0.24977803230285645
      ]
    ],
    [
      [
        2,
        1,
        0.33020901679992676
      ]
    ],
    [
      [
        2,
        2,
        0.33602285385131836
      ]
    ],
    [
      [
        2,
        2,
        0.24993610382080078
      ]
    ],
    [
      [
        2,
        2,
        0.27640485763549805
      ]
    ],
    [
      [
        1,
        1,
        0.36040496826171875
      ]
    ],
    [
      [
        2,
        2,
        0.34553003311157227
      ]
    ],
    [
      [
        1,
        1,
        0.3383002281188965
      ]
    ],
    [
      [
        1,
        1,
        0.3293929100036621
      ]
    ],
    [
      [
        2,
        1,
        0.3962550163269043
      ]
    ],
    [
      [
        1,
        1,
        0.28843092918395996
      ]
    ],
    [
      [
        1,
        1,
        0.35260510444641113
      ]
    ],
    [
      [
        1,
        1,
        0.3814830780029297
      ]
    ],
    [
      [
        1,
        1,
        0.4159269332885742
      ]
    ],
    [
      [
        1,
        1,
        0.36361122131347656
      ]
    ],
    [
      [
        2,
        2,
        0.4940521717071533
      ]
    ],
    [
      [
        2,
        1,
        0.46193480491638184
      ]
    ],
    [
      [
        2,
        2,
        0.34544897079467773
      ]
    ],
    [
      [
        2,
        2,
        0.38598108291625977
      ]
    ],
    [
      [
        1,
        1,
        1.0357730388641357
      ]
    ],
    [
      [
        1,
        1,
        0.37438321113586426
      ]
    ],
    [
      [
        1,
        2,
        0.30529022216796875
      ]
    ],
    [
      [
        2,
        1,
        0.277789831161499
      ]
    ],
    [
      [
        1,
        2,
        0.280519962310791
      ]
    ],
    [
      [
        1,
        1,
        0.31716299057006836
      ]
    ],
    [
      [
        2,
        2,
        0.2934739589691162
      ]
    ],
    [
      [
        1,
        1,
        0.23708200454711914
      ]
    ],
    [
      [
        1,
        2,
        0.37802600860595703
      ]
    ],
    [
      [
        1,
        1,
        0.48825693130493164
      ]
    ],
    [
      [
        2,
        2,
        0.2737569808959961
      ]
    ],
    [
      [
        1,
        1,
        0.701606035232544
      ]
    ],
    [
      [
        1,
        2,
        0.39760589599609375
      ]
    ],
    [
      [
        1,
        1,
        0.46342897415161133
      ]
    ],
    [
      [
        1,
        2,
        0.28966283798217773
      ]
    ],
    [
      [
        1,
        1,
        0.6284630298614502
      ]
    ],
    [
      [
        2,
        2,
        0.30211400985717773
      ]
    ],
    [
      [
        1,
        1,
        0.39189887046813965
      ]
    ],
    [
      [
        1,
        1,
        0.2927398681640625
      ]
    ],
    [
      [
        2,
        2,
        0.38593196868896484
      ]
    ],
    [
      [
        2,
        2,
        0.47525596618652344
      ]
    ],
    [
      [
        1,
        1,
        0.2237529754638672
      ]
    ],
    [
      [
        2,
        2,
        0.17185497283935547
      ]
    ],
    [
      [
        2,
        1,
        0.5345120429992676
      ]
    ],
    [
      [
        1,
        1,
        0.19704413414001465
      ]
    ],
    [
      [
        1,
        1,
        0.4981660842895508
      ]
    ]
  ],
  "n_trials": 50,
  "n_remaining": -1,
  "kind": "random_permutation"
}