{
  "label": "0: 1200 Hz; 1:1000 Hz",
  "n_reps": 50,
  "conditions": [
    1000,
    1200
  ],
  "n_conditions": 2,
  "trials": [
    1,
    1,
    1,
    2,
    1,
    1,
    1,
    1,
    1,
    2,
    1,
    1,
    2,
    1,
    1,
    1,
    1,
    1,
    1,
    1,
    2,
    2,
    1,
    2,
    1,
    2,
    2,
    1,
    1,
    2,
    1,
    1,
    2,
    1,
    1,
    1,
    1,
    1,
    1,
    2,
    1,
    1,
    2,
    1,
    1,
    1,
    2,
    1,
    1,
    1,
    1,
    1
  ],
  "this_n": 50,
  "this_trial": [],
  "finished": true,
  "data": [
    [
      [
        2,
        2,
        0.19157099723815918
      ]
    ],
    [
      [
        1,
        1,
        0.18357610702514648
      ]
    ],
    [
      [
        2,
        2,
        0.18607211112976074
      ]
    ],
    [
      [
        2,
        1,
        0.36422300338745117
      ]
    ],
    [
      [
        2,
        2,
        0.35590696334838867
      ]
    ],
    [
      [
        2,
        2,
        0.18395090103149414
      ]
    ],
    [
      [
        1,
        2,
        0.8384721279144287
      ]
    ],
    [
      [
        1,
        1,
        0.461536169052124
      ]
    ],
    [
      [
        1,
        2,
        0.5387039184570312
      ]
    ],
    [
      [
        2,
        2,
        0.7370600700378418
      ]
    ],
    [
      [
        1,
        1,
        0.41947412490844727
      ]
    ],
    [
      [
        2,
        2,
        0.14448285102844238
      ]
    ],
    [
      [
        1,
        1,
        0.44838380813598633
      ]
    ],
    [
      [
        2,
        2,
        1.0909900665283203
      ]
    ],
    [
      [
        1,
        1,
        0.7206649780273438
      ]
    ],
    [
      [
        1,
        1,
        0.2619810104370117
      ]
    ],
    [
      [
        2,
        2,
        0.22978591918945312
      ]
    ],
    [
      [
        2,
        2,
        0.4968249797821045
      ]
    ],
    [
      [
        2,
        1,
        0.8436529636383057
      ]
    ],
    [
      [
        2,
        2,
        0.3089771270751953
      ]
    ],
    [
      [
        2,
        2,
        0.4368710517883301
      ]
    ],
    [
      [
        1,
        1,
        0.4837000370025635
      ]
    ],
    [
      [
        2,
        2,
        0.3060939311981201
      ]
    ],
    [
      [
        2,
        1,
        1.9032020568847656
      ]
    ],
    [
      [
        2,
        2,
        1.3036890029907227
      ]
    ],
    [
      [
        1,
        2,
        0.40282487869262695
      ]
    ],
    [
      [
        2,
        2,
        1.080070972442627
      ]
    ],
    [
      [
        1,
        1,
        0.2584240436553955
      ]
    ],
    [
      [
        2,
        2,
        0.3763091564178467
      ]
    ],
    [
      [
        1,
        2,
        0.5072519779205322
      ]
    ],
    [
      [
        1,
        1,
        0.2693190574645996
      ]
    ],
    [
      [
        1,
        1,
        1.1026909351348877
      ]
    ],
    [
      [
        1,
        2,
        1.3053209781646729
      ]
    ],
    [
      [
        2,
        2,
        0.36612391471862793
      ]
    ],
    [
      [
        2,
        1,
        0.8078949451446533
      ]
    ],
    [
      [
        1,
        1,
        0.40616607666015625
      ]
    ],
    [
      [
        1,
        1,
        0.3527369499206543
      ]
    ],
    [
      [
        2,
        2,
        0.3937368392944336
      ]
    ],
    [
      [
        1,
        2,
        1.5027198791503906
      ]
    ],
    [
      [
        2,
        2,
        1.216135025024414
      ]
    ],
    [
      [
        1,
        1,
        0.27936315536499023
      ]
    ],
    [
      [
        1,
        1,
        0.28124308586120605
      ]
    ],
    [
      [
        2,
        1,
        0.32869696617126465
      ]
    ],
    [
      [
        2,
        2,
        0.3182668685913086
      ]
    ],
    [
      [
        1,
        1,
        0.2757871150970459
      ]
    ],
    [
      [
        1,
        1,
        0.2863578796386719
      ]
    ],
    [
      [
        2,
        2,
        0.3686699867248535
      ]
    ],
    [
      [
        1,
        1,
        0.3244190216064453
      ]
    ],
    [
      [
        1,
        2,
        0.5143909454345703
      ]
    ],
    [
      [
        2,
        1,
        1.2684731483459473
      ]
    ]
  ],
  "n_trials": 50,
  "n_remaining": -1,
  "kind": "random_permutation"
}