{
  "label": "0: 1200 Hz; 1:1000 Hz",
  "n_reps": 50,
  "conditions": [
    1000,
    1200
  ],
  "n_conditions": 2,
  "trials": [
    2,
    1,
    1,
    1,
    2,
    1,
    1,
    1,
    1,
    1,
    1,
    2,
    1,
    1,
    2,
    2,
    1,
    2,
    1,
    2,
    1,
    1,
    1,
    1,
    1,
    2,
    1,
    1,
    1,
    1,
    2,
    2,
    1,
    1,
    2,
    1,
    1,
    1,
    1,
    1,
    1,
    1,
    1,
    1,
    1,
    2,
    1,
    1,
    1,
    1,
    2,
    1
  ],
  "this_n": 50,
  "this_trial": [],
  "finished": true,
  "data": [
    [
      [
        1,
        1,
        1.154249906539917
      ]
    ],
    [
      [
        1,
        1,
        1.3601601123809814
      ]
    ],
    [
      [
        2,
        2,
        0.3825550079345703
      ]
    ],
    [
      [
        2,
        2,
        0.7535459995269775
      ]
    ],
    [
      [
        2,
        2,
        0.7680840492248535
      ]
    ],
    [
      [
        1,
        1,
        0.38800811767578125
      ]
    ],
    [
      [
        2,
        2,
        0.4599571228027344
      ]
    ],
    [
      [
        2,
        2,
        0.34568309783935547
      ]
    ],
    [
      [
        1,
        1,
        0.31352686882019043
      ]
    ],
    [
      [
        2,
        2,
        0.223311185836792
      ]
    ],
    [
      [
        1,
        1,
        0.4567258358001709
      ]
    ],
    [
      [
        1,
        2,
        0.9732232093811035
      ]
    ],
    [
      [
        1,
        1,
        0.4304220676422119
      ]
    ],
    [
      [
        1,
        2,
        0.4471769332885742
      ]
    ],
    [
      [
        2,
        2,
        0.6439568996429443
      ]
    ],
    [
      [
        2,
        2,
        0.779343843460083
      ]
    ],
    [
      [
        2,
        2,
        0.3041870594024658
      ]
    ],
    [
      [
        1,
        2,
        0.6812679767608643
      ]
    ],
    [
      [
        1,
        2,
        1.0561540126800537
      ]
    ],
    [
      [
        2,
        2,
        0.772352933883667
      ]
    ],
    [
      [
        1,
        1,
        0.41148900985717773
      ]
    ],
    [
      [
        1,
        2,
        1.7697341442108154
      ]
    ],
    [
      [
        2,
        2,
        0.4364480972290039
      ]
    ],
    [
      [
        1,
        1,
        0.46875786781311035
      ]
    ],
    [
      [
        1,
        1,
        0.33723998069763184
      ]
    ],
    [
      [
        2,
        2,
        1.1546411514282227
      ]
    ],
    [
      [
        1,
        1,
        0.27773594856262207
      ]
    ],
    [
      [
        1,
        1,
        0.31124401092529297
      ]
    ],
    [
      [
        1,
        2,
        0.40888404846191406
      ]
    ],
    [
      [
        1,
        2,
        0.9575459957122803
      ]
    ],
    [
      [
        1,
        1,
        0.7149960994720459
      ]
    ],
    [
      [
        2,
        2,
        0.6268889904022217
      ]
    ],
    [
      [
        2,
        2,
        0.6834499835968018
      ]
    ],
    [
      [
        1,
        1,
        0.32730698585510254
      ]
    ],
    [
      [
        2,
        1,
        0.9207510948181152
      ]
    ],
    [
      [
        2,
        2,
        0.8134210109710693
      ]
    ],
    [
      [
        2,
        2,
        1.3312270641326904
      ]
    ],
    [
      [
        1,
        1,
        0.4094250202178955
      ]
    ],
    [
      [
        2,
        1,
        0.6282758712768555
      ]
    ],
    [
      [
        1,
        1,
        0.3163158893585205
      ]
    ],
    [
      [
        1,
        1,
        0.31685709953308105
      ]
    ],
    [
      [
        2,
        2,
        5.257697105407715
      ]
    ],
    [
      [
        1,
        2,
        3.143512010574341
      ]
    ],
    [
      [
        1,
        2,
        0.9301660060882568
      ]
    ],
    [
      [
        1,
        1,
        0.34097981452941895
      ]
    ],
    [
      [
        2,
        2,
        0.45263099670410156
      ]
    ],
    [
      [
        2,
        2,
        0.9641368389129639
      ]
    ],
    [
      [
        1,
        1,
        0.41014909744262695
      ]
    ],
    [
      [
        2,
        2,
        0.4230940341949463
      ]
    ],
    [
      [
        1,
        2,
        1.172961950302124
      ]
    ]
  ],
  "n_trials": 50,
  "n_remaining": -1,
  "kind": "random_permutation"
}