{
  "label": "0: 1200 Hz; 1:1000 Hz",
  "n_reps": 50,
  "conditions": [
    1000,
    1200
  ],
  "n_conditions": 2,
  "trials": [
    1,
    1,
    2,
    1,
    1,
    1,
    1,
    2,
    1,
    2,
    1,
    1,
    1,
    1,
    1,
    2,
    2,
    1,
    2,
    1,
    2,
    2,
    1,
    1,
    1,
    1,
    1,
    1,
    2,
    1,
    1,
    1,
    2,
    1,
    1,
    1,
    1,
    1,
    1,
    2,
    1,
    1,
    1,
    2,
    1,
    1,
    2,
    1,
    1,
    1,
    1,
    1
  ],
  "this_n": 50,
  "this_trial": [],
  "finished": true,
  "data": [
    [
      [
        2,
        2,
        0.8061151504516602
      ]
    ],
    [
      [
        2,
        2,
        0.3412971496582031
      ]
    ],
    [
      [
        1,
        1,
        1.5897557735443115
      ]
    ],
    [
      [
        2,
        2,
        0.4110128879547119
      ]
    ],
    [
      [
        2,
        2,
        0.25492191314697266
      ]
    ],
    [
      [
        1,
        1,
        0.32538795471191406
      ]
    ],
    [
      [
        2,
        2,
        0.26065707206726074
      ]
    ],
    [
      [
        2,
        1,
        0.8934588432312012
      ]
    ],
    [
      [
        2,
        2,
        0.31272006034851074
      ]
    ],
    [
      [
        2,
        1,
        0.513286828994751
      ]
    ],
    [
      [
        2,
        2,
        1.274202823638916
      ]
    ],
    [
      [
        1,
        1,
        0.803076982498169
      ]
    ],
    [
      [
        1,
        1,
        0.5718109607696533
      ]
    ],
    [
      [
        2,
        2,
        0.39408302307128906
      ]
    ],
    [
      [
        1,
        1,
        0.3965489864349365
      ]
    ],
    [
      [
        1,
        2,
        1.3759639263153076
      ]
    ],
    [
      [
        1,
        2,
        1.3340139389038086
      ]
    ],
    [
      [
        2,
        2,
        0.33925890922546387
      ]
    ],
    [
      [
        1,
        1,
        2.2531208992004395
      ]
    ],
    [
      [
        1,
        1,
        0.351992130279541
      ]
    ],
    [
      [
        2,
        2,
        1.2025561332702637
      ]
    ],
    [
      [
        1,
        1,
        0.4581010341644287
      ]
    ],
    [
      [
        1,
        1,
        0.3172299861907959
      ]
    ],
    [
      [
        2,
        2,
        0.5033929347991943
      ]
    ],
    [
      [
        2,
        2,
        0.7472789287567139
      ]
    ],
    [
      [
        1,
        1,
        0.7656838893890381
      ]
    ],
    [
      [
        2,
        2,
        0.42678189277648926
      ]
    ],
    [
      [
        1,
        1,
        1.971388816833496
      ]
    ],
    [
      [
        2,
        1,
        0.6753280162811279
      ]
    ],
    [
      [
        2,
        2,
        0.40352511405944824
      ]
    ],
    [
      [
        1,
        1,
        0.310467004776001
      ]
    ],
    [
      [
        2,
        2,
        0.3211688995361328
      ]
    ],
    [
      [
        2,
        2,
        0.5715198516845703
      ]
    ],
    [
      [
        1,
        1,
        0.23287582397460938
      ]
    ],
    [
      [
        1,
        1,
        0.2998030185699463
      ]
    ],
    [
      [
        2,
        2,
        0.21114778518676758
      ]
    ],
    [
      [
        2,
        2,
        0.15581202507019043
      ]
    ],
    [
      [
        2,
        2,
        0.7326128482818604
      ]
    ],
    [
      [
        1,
        1,
        1.9299111366271973
      ]
    ],
    [
      [
        2,
        2,
        0.6526479721069336
      ]
    ],
    [
      [
        1,
        1,
        0.406980037689209
      ]
    ],
    [
      [
        2,
        2,
        0.7483079433441162
      ]
    ],
    [
      [
        2,
        1,
        0.30995702743530273
      ]
    ],
    [
      [
        2,
        2,
        1.2365660667419434
      ]
    ],
    [
      [
        1,
        1,
        0.311053991317749
      ]
    ],
    [
      [
        1,
        1,
        0.27839088439941406
      ]
    ],
    [
      [
        1,
        2,
        0.669130802154541
      ]
    ],
    [
      [
        2,
        2,
        0.4911940097808838
      ]
    ],
    [
      [
        2,
        2,
        0.15604710578918457
      ]
    ],
    [
      [
        1,
        2,
        0.48932790756225586
      ]
    ]
  ],
  "n_trials": 50,
  "n_remaining": -1,
  "kind": "random_permutation"
}