{
  "label": "0: 1200 Hz; 1:1000 Hz",
  "n_reps": 50,
  "conditions": [
    1000,
    1200
  ],
  "n_conditions": 2,
  "trials": [
    1,
    1,
    1,
    1,
    1,
    1,
    2,
    1,
    1,
    1,
    1,
    1,
    1,
    2,
    1,
    1,
    2,
    1,
    1,
    2,
    1,
    1,
    1,
    1,
    1,
    2,
    1,
    1,
    1,
    1,
    2,
    1,
    1,
    2,
    1,
    1,
    2,
    1,
    1,
    1,
    2,
    1,
    1,
    1,
    1,
    1,
    2,
    2,
    2,
    2,
    1,
    1
  ],
  "this_n": 50,
  "this_trial": [],
  "finished": true,
  "data": [
    [
      [
        1,
        1,
        0.2740209102630615
      ]
    ],
    [
      [
        2,
        2,
        0.21128201484680176
      ]
    ],
    [
      [
        1,
        2,
        0.4051339626312256
      ]
    ],
    [
      [
        2,
        2,
        0.46457409858703613
      ]
    ],
    [
      [
        1,
        1,
        0.258105993270874
      ]
    ],
    [
      [
        1,
        1,
        0.23248791694641113
      ]
    ],
    [
      [
        2,
        2,
        0.209730863571167
      ]
    ],
    [
      [
        1,
        1,
        0.28224992752075195
      ]
    ],
    [
      [
        2,
        2,
        0.3492450714111328
      ]
    ],
    [
      [
        1,
        1,
        0.23447585105895996
      ]
    ],
    [
      [
        1,
        1,
        0.2823140621185303
      ]
    ],
    [
      [
        2,
        2,
        0.5718340873718262
      ]
    ],
    [
      [
        1,
        1,
        0.25935888290405273
      ]
    ],
    [
      [
        1,
        2,
        0.3146951198577881
      ]
    ],
    [
      [
        2,
        1,
        0.2980368137359619
      ]
    ],
    [
      [
        2,
        2,
        0.34516286849975586
      ]
    ],
    [
      [
        1,
        1,
        0.2999000549316406
      ]
    ],
    [
      [
        2,
        2,
        0.1541609764099121
      ]
    ],
    [
      [
        2,
        2,
        0.2836329936981201
      ]
    ],
    [
      [
        2,
        2,
        0.3762850761413574
      ]
    ],
    [
      [
        2,
        2,
        0.4570960998535156
      ]
    ],
    [
      [
        2,
        2,
        0.3792910575866699
      ]
    ],
    [
      [
        1,
        2,
        0.2922329902648926
      ]
    ],
    [
      [
        2,
        1,
        0.2621948719024658
      ]
    ],
    [
      [
        1,
        1,
        0.2521390914916992
      ]
    ],
    [
      [
        1,
        1,
        0.3094899654388428
      ]
    ],
    [
      [
        2,
        2,
        0.2269120216369629
      ]
    ],
    [
      [
        2,
        2,
        0.2634611129760742
      ]
    ],
    [
      [
        1,
        1,
        0.40001511573791504
      ]
    ],
    [
      [
        1,
        2,
        0.690147876739502
      ]
    ],
    [
      [
        1,
        1,
        0.22876405715942383
      ]
    ],
    [
      [
        1,
        1,
        0.2762320041656494
      ]
    ],
    [
      [
        2,
        2,
        0.263293981552124
      ]
    ],
    [
      [
        2,
        2,
        0.2848498821258545
      ]
    ],
    [
      [
        2,
        2,
        0.30704283714294434
      ]
    ],
    [
      [
        2,
        2,
        0.49535322189331055
      ]
    ],
    [
      [
        1,
        1,
        0.23103594779968262
      ]
    ],
    [
      [
        1,
        1,
        0.2622959613800049
      ]
    ],
    [
      [
        2,
        2,
        0.3569800853729248
      ]
    ],
    [
      [
        2,
        1,
        0.30306315422058105
      ]
    ],
    [
      [
        1,
        1,
        0.2906069755554199
      ]
    ],
    [
      [
        1,
        1,
        0.3960909843444824
      ]
    ],
    [
      [
        2,
        2,
        0.21767807006835938
      ]
    ],
    [
      [
        1,
        1,
        0.2570490837097168
      ]
    ],
    [
      [
        1,
        1,
        0.2895231246948242
      ]
    ],
    [
      [
        1,
        1,
        0.2704141139984131
      ]
    ],
    [
      [
        1,
        1,
        0.35199499130249023
      ]
    ],
    [
      [
        1,
        1,
        0.23018407821655273
      ]
    ],
    [
      [
        1,
        2,
        0.3247060775756836
      ]
    ],
    [
      [
        2,
        2,
        0.4472038745880127
      ]
    ]
  ],
  "n_trials": 50,
  "n_remaining": -1,
  "kind": "random_permutation"
}