{
  "label": "0: 1200 Hz; 1:1000 Hz",
  "n_reps": 50,
  "conditions": [
    1000,
    1200
  ],
  "n_conditions": 2,
  "trials": [
    2,
    1,
    1,
    1,
    1,
    1,
    1,
    1,
    1,
    1,
    2,
    2,
    1,
    1,
    1,
    1,
    1,
    2,
    1,
    2,
    1,
    1,
    1,
    2,
    1,
    2,
    1,
    1,
    2,
    2,
    1,
    2,
    1,
    1,
    1,
    1,
    1,
    1,
    1,
    1,
    1,
    1,
    1,
    1,
    1,
    1,
    2,
    1,
    1,
    2,
    2,
    1
  ],
  "this_n": 50,
  "this_trial": [],
  "finished": true,
  "data": [
    [
      [
        1,
        1,
        0.268021821975708
      ]
    ],
    [
      [
        2,
        2,
        0.3308539390563965
      ]
    ],
    [
      [
        1,
        1,
        0.5086228847503662
      ]
    ],
    [
      [
        1,
        2,
        0.7256820201873779
      ]
    ],
    [
      [
        2,
        2,
        0.5207250118255615
      ]
    ],
    [
      [
        1,
        1,
        0.27162790298461914
      ]
    ],
    [
      [
        1,
        2,
        0.30391907691955566
      ]
    ],
    [
      [
        2,
        1,
        0.31011295318603516
      ]
    ],
    [
      [
        1,
        1,
        0.30768394470214844
      ]
    ],
    [
      [
        2,
        2,
        0.33421897888183594
      ]
    ],
    [
      [
        1,
        2,
        0.4321610927581787
      ]
    ],
    [
      [
        2,
        1,
        0.5102689266204834
      ]
    ],
    [
      [
        1,
        1,
        0.32470107078552246
      ]
    ],
    [
      [
        1,
        2,
        0.16653108596801758
      ]
    ],
    [
      [
        2,
        2,
        0.293914794921875
      ]
    ],
    [
      [
        2,
        2,
        0.15084195137023926
      ]
    ],
    [
      [
        2,
        2,
        0.3065071105957031
      ]
    ],
    [
      [
        2,
        2,
        0.3601541519165039
      ]
    ],
    [
      [
        1,
        1,
        0.28118395805358887
      ]
    ],
    [
      [
        2,
        2,
        0.4056129455566406
      ]
    ],
    [
      [
        2,
        2,
        0.4100658893585205
      ]
    ],
    [
      [
        1,
        1,
        0.6227531433105469
      ]
    ],
    [
      [
        2,
        2,
        0.3003978729248047
      ]
    ],
    [
      [
        1,
        1,
        0.39345407485961914
      ]
    ],
    [
      [
        2,
        2,
        0.16330814361572266
      ]
    ],
    [
      [
        2,
        2,
        0.48936009407043457
      ]
    ],
    [
      [
        1,
        1,
        0.2713348865509033
      ]
    ],
    [
      [
        1,
        2,
        0.20145511627197266
      ]
    ],
    [
      [
        1,
        2,
        0.21222805976867676
      ]
    ],
    [
      [
        1,
        1,
        0.26450014114379883
      ]
    ],
    [
      [
        1,
        1,
        0.5145950317382812
      ]
    ],
    [
      [
        2,
        2,
        0.21658897399902344
      ]
    ],
    [
      [
        1,
        1,
        0.21970701217651367
      ]
    ],
    [
      [
        1,
        2,
        0.10313796997070312
      ]
    ],
    [
      [
        1,
        1,
        0.40990591049194336
      ]
    ],
    [
      [
        1,
        1,
        0.3246910572052002
      ]
    ],
    [
      [
        2,
        2,
        0.2540109157562256
      ]
    ],
    [
      [
        2,
        1,
        0.08399701118469238
      ]
    ],
    [
      [
        1,
        2,
        0.21858000755310059
      ]
    ],
    [
      [
        2,
        1,
        0.37479090690612793
      ]
    ],
    [
      [
        2,
        2,
        0.18088793754577637
      ]
    ],
    [
      [
        2,
        2,
        0.21067285537719727
      ]
    ],
    [
      [
        1,
        1,
        0.25260496139526367
      ]
    ],
    [
      [
        2,
        2,
        0.30820417404174805
      ]
    ],
    [
      [
        2,
        2,
        0.3971059322357178
      ]
    ],
    [
      [
        1,
        1,
        0.33048009872436523
      ]
    ],
    [
      [
        1,
        1,
        0.3108179569244385
      ]
    ],
    [
      [
        2,
        2,
        0.25774478912353516
      ]
    ],
    [
      [
        2,
        2,
        0.2871410846710205
      ]
    ],
    [
      [
        2,
        2,
        0.27803683280944824
      ]
    ]
  ],
  "n_trials": 50,
  "n_remaining": -1,
  "kind": "random_permutation"
}