{
  "label": "0: 1200 Hz; 1:1000 Hz",
  "n_reps": 50,
  "conditions": [
    1000,
    1200
  ],
  "n_conditions": 2,
  "trials": [
    1,
    1,
    1,
    1,
    2,
    1,
    2,
    2,
    2,
    1,
    1,
    1,
    1,
    2,
    1,
    1,
    1,
    1,
    1,
    1,
    1,
    1,
    2,
    1,
    1,
    1,
    1,
    1,
    2,
    2,
    2,
    2,
    1,
    2,
    1,
    1,
    1,
    1,
    2,
    1,
    1,
    1,
    1,
    2,
    1,
    1,
    1,
    1,
    1,
    1,
    1,
    1
  ],
  "this_n": 50,
  "this_trial": [],
  "finished": true,
  "data": [
    [
      [
        2,
        1,
        0.43160080909729004
      ]
    ],
    [
      [
        2,
        2,
        0.31964898109436035
      ]
    ],
    [
      [
        2,
        2,
        0.3281569480895996
      ]
    ],
    [
      [
        1,
        1,
        0.2105240821838379
      ]
    ],
    [
      [
        2,
        2,
        0.2904989719390869
      ]
    ],
    [
      [
        2,
        2,
        0.2237551212310791
      ]
    ],
    [
      [
        2,
        2,
        0.2925119400024414
      ]
    ],
    [
      [
        1,
        1,
        0.22101283073425293
      ]
    ],
    [
      [
        2,
        2,
        0.23317408561706543
      ]
    ],
    [
      [
        1,
        1,
        0.24601507186889648
      ]
    ],
    [
      [
        1,
        1,
        0.2917640209197998
      ]
    ],
    [
      [
        1,
        1,
        0.26438307762145996
      ]
    ],
    [
      [
        1,
        1,
        0.19220495223999023
      ]
    ],
    [
      [
        1,
        1,
        0.3962099552154541
      ]
    ],
    [
      [
        1,
        1,
        0.25734806060791016
      ]
    ],
    [
      [
        2,
        2,
        0.21822690963745117
      ]
    ],
    [
      [
        1,
        2,
        0.3290369510650635
      ]
    ],
    [
      [
        2,
        2,
        0.3569331169128418
      ]
    ],
    [
      [
        2,
        2,
        0.2622189521789551
      ]
    ],
    [
      [
        2,
        2,
        0.6332881450653076
      ]
    ],
    [
      [
        1,
        1,
        0.3093070983886719
      ]
    ],
    [
      [
        1,
        1,
        0.3877451419830322
      ]
    ],
    [
      [
        1,
        1,
        0.42811012268066406
      ]
    ],
    [
      [
        2,
        2,
        0.36401891708374023
      ]
    ],
    [
      [
        2,
        2,
        0.2671699523925781
      ]
    ],
    [
      [
        1,
        1,
        0.44167494773864746
      ]
    ],
    [
      [
        1,
        1,
        0.7695930004119873
      ]
    ],
    [
      [
        1,
        1,
        0.7326250076293945
      ]
    ],
    [
      [
        1,
        1,
        0.33330702781677246
      ]
    ],
    [
      [
        1,
        1,
        0.40377092361450195
      ]
    ],
    [
      [
        1,
        1,
        0.38292908668518066
      ]
    ],
    [
      [
        2,
        1,
        0.46094489097595215
      ]
    ],
    [
      [
        1,
        1,
        0.36519908905029297
      ]
    ],
    [
      [
        2,
        1,
        0.3018338680267334
      ]
    ],
    [
      [
        2,
        2,
        0.1948080062866211
      ]
    ],
    [
      [
        1,
        2,
        0.44869017601013184
      ]
    ],
    [
      [
        2,
        2,
        0.2860579490661621
      ]
    ],
    [
      [
        1,
        1,
        0.21552610397338867
      ]
    ],
    [
      [
        1,
        1,
        0.394150972366333
      ]
    ],
    [
      [
        1,
        1,
        0.3632180690765381
      ]
    ],
    [
      [
        2,
        2,
        0.26123595237731934
      ]
    ],
    [
      [
        2,
        2,
        0.3244209289550781
      ]
    ],
    [
      [
        1,
        2,
        0.3695709705352783
      ]
    ],
    [
      [
        2,
        1,
        0.38132500648498535
      ]
    ],
    [
      [
        2,
        2,
        0.26430487632751465
      ]
    ],
    [
      [
        1,
        2,
        0.28908514976501465
      ]
    ],
    [
      [
        1,
        1,
        0.303131103515625
      ]
    ],
    [
      [
        2,
        2,
        0.4735989570617676
      ]
    ],
    [
      [
        2,
        2,
        0.30289793014526367
      ]
    ],
    [
      [
        1,
        1,
        0.314349889755249
      ]
    ]
  ],
  "n_trials": 50,
  "n_remaining": -1,
  "kind": "random_permutation"
}