{
  "label": "0: 1200 Hz; 1:1000 Hz",
  "n_reps": 50,
  "conditions": [
    1000,
    1200
  ],
  "n_conditions": 2,
  "trials": [
    1,
    1,
    1,
    1,
    1,
    1,
    2,
    1,
    2,
    1,
    1,
    1,
    2,
    2,
    2,
    1,
    1,
    1,
    1,
    1,
    2,
    1,
    2,
    1,
    1,
    1,
    1,
    1,
    1,
    1,
    2,
    2,
    1,
    2,
    1,
    1,
    1,
    2,
    1,
    1,
    1,
    1,
    1,
    1,
    1,
    1,
    1,
    1,
    2,
    1,
    2,
    1
  ],
  "this_n": 50,
  "this_trial": [],
  "finished": true,
  "data": [
    [
      [
        2,
        2,
        0.8574919700622559
      ]
    ],
    [
      [
        1,
        1,
        0.5559368133544922
      ]
    ],
    [
      [
        1,
        1,
        0.13755583763122559
      ]
    ],
    [
      [
        1,
        1,
        3.1887831687927246
      ]
    ],
    [
      [
        2,
        2,
        2.818351984024048
      ]
    ],
    [
      [
        2,
        2,
        0.45932507514953613
      ]
    ],
    [
      [
        1,
        2,
        1.5702738761901855
      ]
    ],
    [
      [
        2,
        2,
        2.2680301666259766
      ]
    ],
    [
      [
        2,
        2,
        0.8722898960113525
      ]
    ],
    [
      [
        1,
        1,
        0.33415913581848145
      ]
    ],
    [
      [
        2,
        2,
        3.767021894454956
      ]
    ],
    [
      [
        1,
        2,
        3.965907096862793
      ]
    ],
    [
      [
        2,
        2,
        0.5855600833892822
      ]
    ],
    [
      [
        1,
        2,
        0.3820798397064209
      ]
    ],
    [
      [
        2,
        2,
        0.27910780906677246
      ]
    ],
    [
      [
        2,
        2,
        0.36883091926574707
      ]
    ],
    [
      [
        1,
        2,
        0.34979891777038574
      ]
    ],
    [
      [
        1,
        1,
        0.4589200019836426
      ]
    ],
    [
      [
        1,
        1,
        1.4099390506744385
      ]
    ],
    [
      [
        1,
        1,
        0.5939369201660156
      ]
    ],
    [
      [
        1,
        1,
        6.892085075378418
      ]
    ],
    [
      [
        2,
        1,
        1.1086390018463135
      ]
    ],
    [
      [
        1,
        1,
        1.4078960418701172
      ]
    ],
    [
      [
        2,
        2,
        1.5247058868408203
      ]
    ],
    [
      [
        1,
        1,
        0.6556079387664795
      ]
    ],
    [
      [
        2,
        2,
        1.4963929653167725
      ]
    ],
    [
      [
        2,
        2,
        0.49606800079345703
      ]
    ],
    [
      [
        2,
        2,
        0.605842113494873
      ]
    ],
    [
      [
        2,
        2,
        3.0952248573303223
      ]
    ],
    [
      [
        2,
        2,
        1.7602319717407227
      ]
    ],
    [
      [
        2,
        2,
        1.7205369472503662
      ]
    ],
    [
      [
        2,
        2,
        0.6171081066131592
      ]
    ],
    [
      [
        1,
        2,
        0.5339019298553467
      ]
    ],
    [
      [
        1,
        2,
        0.5011930465698242
      ]
    ],
    [
      [
        2,
        2,
        0.4285709857940674
      ]
    ],
    [
      [
        2,
        2,
        0.732672929763794
      ]
    ],
    [
      [
        2,
        2,
        0.46428894996643066
      ]
    ],
    [
      [
        1,
        2,
        1.2617030143737793
      ]
    ],
    [
      [
        2,
        2,
        0.39969706535339355
      ]
    ],
    [
      [
        1,
        2,
        1.1299099922180176
      ]
    ],
    [
      [
        1,
        2,
        1.4184870719909668
      ]
    ],
    [
      [
        2,
        2,
        0.5051720142364502
      ]
    ],
    [
      [
        2,
        1,
        1.255584955215454
      ]
    ],
    [
      [
        2,
        2,
        0.16815185546875
      ]
    ],
    [
      [
        1,
        1,
        0.7341978549957275
      ]
    ],
    [
      [
        2,
        1,
        0.7963039875030518
      ]
    ],
    [
      [
        1,
        1,
        0.6399610042572021
      ]
    ],
    [
      [
        2,
        1,
        3.554589033126831
      ]
    ],
    [
      [
        1,
        2,
        3.6075539588928223
      ]
    ],
    [
      [
        1,
        1,
        0.6002190113067627
      ]
    ]
  ],
  "n_trials": 50,
  "n_remaining": -1,
  "kind": "random_permutation"
}