{
  "label": "0: 1200 Hz; 1:1000 Hz",
  "n_reps": 50,
  "conditions": [
    1000,
    1200
  ],
  "n_conditions": 2,
  "trials": [
    1,
    1,
    2,
    1,
    1,
    2,
    1,
    1,
    1,
    1,
    2,
    2,
    1,
    1,
    1,
    2,
    1,
    2,
    1,
    2,
    1,
    1,
    1,
    1,
    1,
    2,
    1,
    2,
    1,
    1,
    2,
    1,
    1,
    1,
    1,
    2,
    1,
    1,
    1,
    1,
    1,
    1,
    2,
    1,
    1,
    1,
    1,
    2,
    1,
    1,
    1,
    1
  ],
  "this_n": 50,
  "this_trial": [],
  "finished": true,
  "data": [
    [
      [
        2,
        2,
        3.8398380279541016
      ]
    ],
    [
      [
        2,
        2,
        0.8594989776611328
      ]
    ],
    [
      [
        1,
        1,
        1.7203471660614014
      ]
    ],
    [
      [
        2,
        2,
        0.7488651275634766
      ]
    ],
    [
      [
        1,
        1,
        0.6530411243438721
      ]
    ],
    [
      [
        1,
        1,
        1.1214559078216553
      ]
    ],
    [
      [
        1,
        1,
        0.5963881015777588
      ]
    ],
    [
      [
        1,
        1,
        0.3234860897064209
      ]
    ],
    [
      [
        2,
        2,
        0.7042920589447021
      ]
    ],
    [
      [
        1,
        1,
        3.764106035232544
      ]
    ],
    [
      [
        1,
        1,
        1.995826005935669
      ]
    ],
    [
      [
        2,
        1,
        1.0307869911193848
      ]
    ],
    [
      [
        2,
        2,
        0.787517786026001
      ]
    ],
    [
      [
        1,
        1,
        1.6358850002288818
      ]
    ],
    [
      [
        1,
        1,
        0.6109719276428223
      ]
    ],
    [
      [
        1,
        2,
        1.6382019519805908
      ]
    ],
    [
      [
        2,
        1,
        1.7962579727172852
      ]
    ],
    [
      [
        2,
        1,
        1.6828060150146484
      ]
    ],
    [
      [
        2,
        1,
        1.509598970413208
      ]
    ],
    [
      [
        1,
        1,
        0.8841989040374756
      ]
    ],
    [
      [
        1,
        1,
        0.005427837371826172
      ]
    ],
    [
      [
        2,
        2,
        2.257498025894165
      ]
    ],
    [
      [
        1,
        2,
        0.6190438270568848
      ]
    ],
    [
      [
        2,
        2,
        0.4223198890686035
      ]
    ],
    [
      [
        2,
        2,
        0.5021209716796875
      ]
    ],
    [
      [
        1,
        1,
        1.4434318542480469
      ]
    ],
    [
      [
        2,
        2,
        0.381756067276001
      ]
    ],
    [
      [
        1,
        1,
        1.4241340160369873
      ]
    ],
    [
      [
        1,
        1,
        0.4599120616912842
      ]
    ],
    [
      [
        1,
        1,
        0.47405505180358887
      ]
    ],
    [
      [
        1,
        1,
        4.742578029632568
      ]
    ],
    [
      [
        2,
        2,
        0.46623992919921875
      ]
    ],
    [
      [
        1,
        1,
        5.619680166244507
      ]
    ],
    [
      [
        2,
        2,
        0.4081709384918213
      ]
    ],
    [
      [
        2,
        2,
        0.43039894104003906
      ]
    ],
    [
      [
        2,
        1,
        2.2414979934692383
      ]
    ],
    [
      [
        1,
        1,
        0.3480551242828369
      ]
    ],
    [
      [
        1,
        1,
        0.36631202697753906
      ]
    ],
    [
      [
        1,
        1,
        1.8651361465454102
      ]
    ],
    [
      [
        2,
        2,
        0.6611659526824951
      ]
    ],
    [
      [
        1,
        1,
        0.6445941925048828
      ]
    ],
    [
      [
        2,
        2,
        0.4622070789337158
      ]
    ],
    [
      [
        2,
        1,
        1.5641529560089111
      ]
    ],
    [
      [
        2,
        2,
        0.3680739402770996
      ]
    ],
    [
      [
        2,
        2,
        0.6484529972076416
      ]
    ],
    [
      [
        1,
        1,
        0.5795080661773682
      ]
    ],
    [
      [
        1,
        1,
        2.7198259830474854
      ]
    ],
    [
      [
        1,
        1,
        2.0221190452575684
      ]
    ],
    [
      [
        2,
        2,
        0.4587099552154541
      ]
    ],
    [
      [
        2,
        2,
        0.6711900234222412
      ]
    ]
  ],
  "n_trials": 50,
  "n_remaining": -1,
  "kind": "random_permutation"
}