{
  "label": "0: 1200 Hz; 1:1000 Hz",
  "n_reps": 50,
  "conditions": [
    1000,
    1200
  ],
  "n_conditions": 2,
  "trials": [
    1,
    2,
    1,
    1,
    2,
    2,
    1,
    1,
    1,
    1,
    1,
    1,
    1,
    1,
    1,
    1,
    1,
    1,
    2,
    2,
    1,
    1,
    1,
    2,
    2,
    2,
    1,
    1,
    2,
    1,
    1,
    1,
    1,
    1,
    2,
    1,
    1,
    2,
    2,
    1,
    1,
    1,
    1,
    1,
    1,
    1,
    1,
    1,
    1,
    1,
    2,
    1
  ],
  "this_n": 50,
  "this_trial": [],
  "finished": true,
  "data": [
    [
      [
        1,
        1,
        0.7831730842590332
      ]
    ],
    [
      [
        1,
        1,
        1.120920181274414
      ]
    ],
    [
      [
        1,
        1,
        0.5315899848937988
      ]
    ],
    [
      [
        1,
        1,
        0.35054612159729004
      ]
    ],
    [
      [
        1,
        2,
        1.3150269985198975
      ]
    ],
    [
      [
        1,
        1,
        0.47434496879577637
      ]
    ],
    [
      [
        1,
        1,
        2.810817003250122
      ]
    ],
    [
      [
        1,
        1,
        0.33589792251586914
      ]
    ],
    [
      [
        1,
        1,
        2.4774129390716553
      ]
    ],
    [
      [
        1,
        1,
        2.04852294921875
      ]
    ],
    [
      [
        1,
        1,
        0.29137420654296875
      ]
    ],
    [
      [
        1,
        1,
        0.5909090042114258
      ]
    ],
    [
      [
        1,
        1,
        2.3734230995178223
      ]
    ],
    [
      [
        1,
        1,
        0.7499940395355225
      ]
    ],
    [
      [
        1,
        1,
        0.7037789821624756
      ]
    ],
    [
      [
        2,
        2,
        0.7619550228118896
      ]
    ],
    [
      [
        1,
        1,
        0.5287361145019531
      ]
    ],
    [
      [
        1,
        1,
        0.9740290641784668
      ]
    ],
    [
      [
        2,
        1,
        0.42313599586486816
      ]
    ],
    [
      [
        2,
        1,
        2.53528094291687
      ]
    ],
    [
      [
        1,
        1,
        0.6625430583953857
      ]
    ],
    [
      [
        2,
        1,
        0.627068042755127
      ]
    ],
    [
      [
        1,
        1,
        1.2101941108703613
      ]
    ],
    [
      [
        1,
        1,
        2.960536003112793
      ]
    ],
    [
      [
        2,
        1,
        1.0306880474090576
      ]
    ],
    [
      [
        1,
        1,
        0.7389841079711914
      ]
    ],
    [
      [
        1,
        1,
        0.8705129623413086
      ]
    ],
    [
      [
        1,
        1,
        2.608337879180908
      ]
    ],
    [
      [
        2,
        1,
        3.660973072052002
      ]
    ],
    [
      [
        1,
        2,
        1.0760929584503174
      ]
    ],
    [
      [
        2,
        2,
        0.43483686447143555
      ]
    ],
    [
      [
        1,
        2,
        0.5692780017852783
      ]
    ],
    [
      [
        1,
        2,
        0.8463881015777588
      ]
    ],
    [
      [
        2,
        2,
        0.4611849784851074
      ]
    ],
    [
      [
        1,
        1,
        1.059847116470337
      ]
    ],
    [
      [
        2,
        2,
        0.26703786849975586
      ]
    ],
    [
      [
        1,
        1,
        0.41731715202331543
      ]
    ],
    [
      [
        2,
        2,
        4.34757399559021
      ]
    ],
    [
      [
        1,
        2,
        0.43607497215270996
      ]
    ],
    [
      [
        2,
        2,
        0.630972146987915
      ]
    ],
    [
      [
        1,
        1,
        0.4661879539489746
      ]
    ],
    [
      [
        1,
        1,
        0.45705604553222656
      ]
    ],
    [
      [
        2,
        2,
        0.7420291900634766
      ]
    ],
    [
      [
        2,
        2,
        0.3218059539794922
      ]
    ],
    [
      [
        1,
        1,
        1.062075138092041
      ]
    ],
    [
      [
        2,
        2,
        0.4595921039581299
      ]
    ],
    [
      [
        1,
        1,
        0.5100808143615723
      ]
    ],
    [
      [
        2,
        2,
        1.5036518573760986
      ]
    ],
    [
      [
        2,
        2,
        0.3555119037628174
      ]
    ],
    [
      [
        2,
        2,
        0.8813350200653076
      ]
    ]
  ],
  "n_trials": 50,
  "n_remaining": -1,
  "kind": "random_permutation"
}